empleado_id,nombre,apellido,telefono,puesto_id,fecha_nacimiento
1,Modesto,Ojeda,37633227,12,1996-05-20
2,Hilda,Canales,53180619,7,2000-02-16
3,Pamela,Piña,57578894,13,1997-09-03
4,Estela,Santacruz,46351666,3,2003-11-22
5,María,Corona,49299061,5,1978-08-18
6,Salvador,Duarte,48258302,12,1994-04-19
7,Bernardo,Cadena,48837779,6,1985-12-23
8,Indira,Garay,30882441,11,2006-08-28
9,Yeni,Ríos,35843861,2,1993-12-03
10,Jaime,Abreu,49775865,12,1969-01-23
11,Bernabé,Cadena,52750933,10,2001-04-07
12,Andrea,Leiva,36141960,10,2003-02-12
13,Claudia,Rojo,40394233,7,2004-02-19
14,Anel,Garza,30987928,8,1984-04-07
15,Rosa,Bañuelos,33434230,4,1972-01-11
16,Karina,Medina,33146165,7,1966-11-03
17,Citlali,Soria,41712821,13,1981-05-01
18,Fernando,Gollum,38349376,8,1968-05-23
19,Francisco,Zayas,36133346,9,1977-02-10
20,Karina,Burgos,50606071,2,1974-09-02
21,Juana,Olivares,37122780,13,1984-12-11
22,Perla,Barela,30772927,7,1966-06-10
23,Florencia,Márquez,31166933,9,1996-10-09
24,Clara,Alvarez,34728528,5,1990-05-16
25,Reina,Badillo,51158359,7,1967-01-11
26,Perla,Padrón,40039637,5,2002-09-24
27,Esmeralda,Loya,53613616,12,2003-04-29
28,Rolando,Arenas,33309504,1,1985-02-05
29,Eloisa,Villarreal,36136234,1,1979-10-26
30,Mónica,Arias,40841079,1,1976-05-13
31,Rufino,Leiva,50881952,7,1982-06-08
32,Maximiliano,Cornejo,45535857,6,1971-06-19
33,Armando,Bustamante,41152195,15,1970-11-07
34,Jorge Luis,Méndez,51199375,6,1976-10-07
35,Anel,Sierra,59049620,3,1997-05-05
36,Alicia,Cazares,31612448,6,1993-04-14
37,Caridad,Prado,35821347,15,1987-10-06
38,Joaquín,Rojo,33318062,10,1992-04-30
39,Itzel,Mendoza,41227916,4,2003-05-29
40,Abraham,Rubio,52271652,6,2006-11-29
41,Úrsula,Perales,52417025,3,2006-09-02
42,Óscar,Villareal,31711561,7,1982-12-18
43,Abelardo,Córdova,47825567,2,1977-01-06
44,Reynaldo,Zayas,33297426,2,1971-05-05
45,Lourdes,Aparicio,42387627,3,1994-03-19
46,Ariadna,Merino,50922414,7,1987-07-03
47,Antonio,Treviño,38521271,3,2000-11-29
48,Helena,Ponce,30898334,4,1989-10-16
49,Jorge Luis,Montaño,34318452,2,1985-01-24
50,Marcela,Ruelas,50141733,12,2005-07-09
51,Sara,Cavazos,40366578,14,2001-07-17
52,Armando,Corona,46515529,6,1996-02-20
53,Renato,Huerta,43395405,8,1997-07-18
54,José Eduardo,Velasco,53504391,3,1965-01-18
55,Luis Manuel,Zedillo,53932175,6,1980-03-11
56,Gustavo,Dueñas,44431613,6,1989-03-23
57,Ángel,Rentería,54274743,10,1967-11-24
58,Dolores,Olivo,56083814,11,1991-06-18
59,Raquel,Rodrígez,57116057,13,1973-12-12
60,Rocío,Arriaga,48004418,3,1966-02-05
61,Octavio,Linares,45468989,14,1993-10-01
62,Patricia,Cornejo,45965381,8,1993-08-10
63,Abril,Loera,30185794,12,1991-03-29
64,Guillermina,Guajardo,38601723,2,1975-11-06
65,Ivonne,Cardona,55540473,8,1984-05-04
66,Zeferino,Roldán,56743109,1,1982-07-05
67,Jorge,Tamayo,43088196,11,1972-06-11
68,Anel,Vaca,50292365,10,1974-05-31
69,Ignacio,Barragán,41758784,14,1983-04-19
70,Mariana,Barragán,31155258,3,1990-10-12
71,Magdalena,Verduzco,40662942,8,1993-02-15
72,Joaquín,Sosa,35414078,10,1991-05-28
73,Mónica,de la Torre,40698960,7,1981-10-27
74,Georgina,Mireles,57874243,6,1981-01-10
75,Silvano,Carbajal,43169029,10,2007-07-10
76,Alonso,Valverde,43458056,1,1987-10-20
77,Julio,Rincón,59036950,5,1986-04-06
78,Lorenzo,Paz,30863414,7,1974-01-05
79,Esparta,Ceballos,35213375,9,1994-09-17
80,Paola,Solís,33463040,13,1974-01-25
81,Zacarías,Ureña,45546836,1,1993-08-10
82,Felipe,Paz,34297183,12,2006-03-31
83,María Elena,Montaño,39312642,8,1971-09-01
84,Laura,Guerrero,54881157,4,1989-11-04
85,Alfredo,Mayorga,56170293,9,1967-10-06
86,Paulina,Alcala,43145157,10,1987-05-25
87,Eva,Armendáriz,32387009,4,1974-08-26
88,Isaac,Romo,36027258,4,1994-04-07
89,Georgina,Maya,39085203,5,1980-08-21
90,Vanesa,Rojas,33320059,14,2004-05-28
91,Cynthia,Márquez,57565891,3,2004-08-09
92,Araceli,Guerra,33344968,10,1979-11-04
93,Débora,Acevedo,49237025,8,1985-02-12
94,Raquel,Bonilla,32282678,1,1978-03-25
95,Noemí,Rojo,46335974,10,1981-01-18
96,Rosario,Irizarry,34206087,11,1990-02-25
97,Cristal,Cardona,56876340,9,1998-11-07
98,Elisa,Verdugo,41217161,2,1980-07-11
99,José Emilio,Reyna,54398483,8,1994-07-12
100,David,Páez,57632696,7,1981-07-02
101,Mitzy,Santiago,33137834,14,1994-03-22
102,Nayeli,Barragán,30466024,15,1976-09-02
103,Helena,Villagómez,41036326,15,1980-08-31
104,Leonel,Sotelo,43084848,4,1965-07-29
105,Elsa,Cortez,33281623,8,1980-10-12
106,Esmeralda,Ayala,51371750,9,1978-04-08
107,Vicente,Alcala,40697262,8,1969-02-18
108,Ernesto,Saavedra,36496916,8,1977-11-02
109,Rosa,Amaya,38395697,10,1964-10-18
110,Isabel,Villagómez,58617999,7,1999-12-11
111,Cristina,Garza,37925307,3,1975-03-29
112,Francisco Javier,Pacheco,58399681,14,1987-03-01
113,Gerónimo,Esquibel,40404347,8,2002-09-29
114,Felix,Prado,52430520,13,1994-03-31
115,Julio,Arias,46118481,15,1975-12-07
116,Ramón,Merino,53523354,11,1968-05-12
117,Lucía,Molina,41695133,9,2005-10-12
118,Virginia,de la Crúz,52239284,4,1994-07-10
119,Samuel,Patiño,58267510,12,1998-03-23
120,Francisco Javier,Terrazas,44903080,1,1995-11-13
121,Salvador,Mares,47805713,2,1973-12-25
122,Arturo,Saucedo,30363909,8,1972-07-31
123,Raúl,Raya,41374859,9,1983-07-15
124,Linda,Lerma,51578426,10,2002-11-27
125,Estela,Quiñones,51100037,1,2006-01-15
126,Timoteo,Benavides,49699585,15,1971-12-30
127,Adalberto,Zapata,53488815,1,2007-02-18
128,Amalia,Bahena,44487068,1,1995-11-13
129,Armando,Loya,31241081,9,1992-06-02
130,Ángela,Godínez,35006277,10,1979-08-24
131,Francisca,Romero,40931038,14,1978-11-21
132,Abril,Reséndez,59498659,15,1990-01-08
133,Martín,Centeno,41927808,13,1977-12-21
134,Delia,Ulibarri,44351154,6,1985-10-12
135,Miriam,Arroyo,54068316,10,1974-05-18
136,Irma,Negrete,48455653,9,2003-12-05
137,Ruby,Rivero,39958288,15,1971-12-15
138,Minerva,Rodríguez,35637763,8,1983-05-31
139,Mauricio,Zúñiga,53774189,9,1972-07-25
140,Isabela,Nava,53810325,10,1994-01-15
141,Sessa,Loera,46764791,3,2004-02-07
142,Georgina,Quintero,56178311,14,1969-05-18
143,Helena,Quezada,37884961,4,1996-06-16
144,Teresa,Ponce,51744432,8,1982-02-11
145,María Teresa,Tórrez,49145084,8,1996-10-24
146,Aurelio,Armendáriz,35455957,14,1997-03-31
147,Lourdes,Lomeli,42159075,8,1993-08-04
148,Esteban,Montenegro,48189411,3,2000-03-04
149,Evelio,Palomo,37494636,12,2004-04-26
150,Fernando,Maya,31674636,10,1997-05-08
151,Claudio,Aguilera,34519402,7,1992-11-08
152,Rufino,Manzanares,56309936,2,2007-07-07
153,Óscar,Morales,30439229,1,1977-09-16
154,Frida,García,38271577,12,1967-11-22
155,Omar,Sotelo,51301428,15,1981-01-14
156,Cristina,Partida,39008419,14,2000-07-19
157,Sandra,Escalante,50589624,12,1972-03-09
158,Rocío,Farías,42945926,15,1968-08-07
159,Dulce,Ponce,35642496,10,1972-09-25
160,Adalberto,Malave,34099686,11,1969-02-05
161,Abril,Hinojosa,36009500,7,1972-07-31
162,Sonia,Galindo,44385091,3,1989-04-16
163,Aldonza,Paz,57117913,1,1969-07-11
164,Reina,Reyes,50651078,9,1997-04-07
165,Abraham,Peralta,57677908,5,2007-04-15
166,Marcos,Ocampo,38165995,10,1990-02-21
167,Rodrigo,Estévez,38204117,11,1983-09-14
168,Rufino,Guillen,42874062,11,1990-01-19
169,Héctor,Tafoya,55649476,15,1992-12-30
170,Roberto,Borrego,35264814,8,1988-09-11
171,Santiago,Tamez,44725750,6,1967-02-03
172,Yolanda,Quiñónez,33559615,14,1993-05-28
173,Paola,Campos,31768237,3,1997-04-10
174,Marcela,Galarza,49030833,1,2003-01-16
175,Débora,Candelaria,44672068,13,1995-01-27
176,Manuel,Velásquez,30136147,7,1992-12-31
177,Mercedes,Navarrete,46335800,12,1965-09-14
178,Fabiola,Márquez,52629791,7,1987-04-24
179,Francisco,Portillo,50912169,14,2002-07-04
180,Luz,Guzmán,50755432,9,1998-03-16
181,Cynthia,Vélez,49673031,12,1992-09-11
182,Elisa,Mora,53338746,3,1982-12-01
183,Josefina,Ocampo,54597487,1,1995-11-11
184,Agustín,Rangel,58578809,3,1972-10-22
185,Pamela,Rolón,33453639,11,1970-08-25
186,Yeni,Garibay,48917652,5,1990-12-11
187,Jerónimo,Saiz,42491576,3,1995-07-16
188,Sessa,Rodrígez,52642134,12,1996-04-18
189,Lourdes,Bétancourt,55720291,5,1979-11-26
190,Carla,Vásquez,48975380,4,1969-10-15
191,Omar,Carvajal,35332056,7,2004-04-01
192,Teresa,Lucio,50807411,13,1993-04-28
193,Catalina,Robledo,56410384,2,1970-09-02
194,Mercedes,Alva,48359187,9,2005-06-20
195,Elias,Malave,33015217,8,1975-07-03
196,Carla,Lozano,39791975,12,1992-07-29
197,Mitzy,Aponte,52402976,3,1996-12-07
198,Sonia,Quintanilla,35035634,15,1976-06-02
199,Ivonne,Lucio,54793660,7,1998-12-01
200,Adriana,Maestas,32059980,3,2004-02-02
201,Eduardo,Barrientos,41565795,3,1983-07-05
202,Noelia,Arenas,52876786,2,1993-06-11
203,Eloy,Granado,52148292,14,2005-09-16
204,Estefanía,Almaraz,30213675,2,1975-03-31
205,Evelio,Camarillo,37500403,7,1998-12-31
206,Gonzalo,Salas,46354385,5,1999-10-14
207,Rubén,Murillo,33697893,5,1991-05-31
208,Fernando,Castellanos,43468839,12,2004-07-04
209,Aurora,Jiménez,34583086,8,1982-12-13
210,Antonia,Coronado,36998395,7,1993-04-20
211,Francisco,Jaramillo,41329152,10,1992-04-15
212,Olga,Saldaña,44660793,11,1981-01-06
213,Anel,Aparicio,47522636,15,1984-11-15
214,Sessa,Ordóñez,54423745,13,1993-09-20
215,Caridad,Mercado,58915605,13,1998-04-17
216,Víctor,Salgado,55461791,12,1970-08-13
217,Anabel,Rosado,51632833,14,2003-10-15
218,Eloy,Ruelas,43995167,5,2000-06-04
219,Pascual,Ornelas,35231071,9,1969-11-21
220,Alejandra,Menéndez,46975892,8,1989-05-05
221,Teresa,Bahena,50947404,12,1987-07-23
222,Fabiola,Partida,33524282,14,1989-12-05
223,Linda,Altamirano,35166218,3,1981-04-15
224,Cristobal,Batista,40543654,1,1970-12-19
225,Josefina,Manzanares,45154458,10,1996-06-02
226,Abel,Camacho,39771858,5,1975-01-13
227,Virginia,Jaramillo,39479626,14,2005-02-15
228,Eloy,Escobedo,51771794,13,1993-11-04
229,Salvador,Granado,57437324,15,1980-04-01
230,Lorena,Blanco,35994065,13,1996-10-26
231,Linda,Haro,54644034,6,2003-06-05
232,Patricia,Rael,58891321,2,2001-10-31
233,Dolores,Casillas,59111335,6,1975-05-23
234,Emilia,Almaraz,42738638,5,1990-06-01
235,Evelio,Miranda,31693210,7,1977-11-29
236,Marisela,Espino,50017836,2,1980-04-14
237,Perla,Gómez,32456351,11,1987-08-02
238,Santiago,Botello,58235651,14,1991-08-01
239,Raquel,Acosta,48390105,15,2001-09-28
240,Carlos,Laboy,46047069,1,1999-04-21
241,María Teresa,Tafoya,46631890,9,1970-07-01
242,Modesto,Quintana,33841748,14,1997-11-08
243,Luis,Sierra,59612526,6,1974-04-19
244,Octavio,Rangel,50980341,13,2000-09-27
245,Yuridia,Piña,48894334,4,1966-09-10
246,Luisa,Prado,30684985,1,1964-12-31
247,Jerónimo,Gálvez,35336272,5,1984-08-27
248,Eduardo,Torres,37801604,7,1976-07-23
249,Camilo,Santana,48524942,12,1990-08-13
250,Luis,Esparza,34284965,8,1987-03-25
251,Elsa,Villaseñor,44793351,10,2006-01-06
252,Estefanía,Guillen,44143692,8,2001-10-11
253,Evelio,Aparicio,57759078,12,1979-05-16
254,Felix,Quezada,52117547,7,1974-11-26
255,Araceli,Carmona,37716860,3,1973-01-17
256,Amalia,Cardona,38176692,15,1998-11-11
257,Felix,Cazares,33041966,9,2002-04-01
258,Gabino,Munguía,46404165,4,1978-05-14
259,Mitzy,Zavala,45911835,7,1978-08-02
260,Noemí,Montañez,55498933,2,2006-03-10
261,Oswaldo,Valenzuela,47123675,6,1982-11-14
262,Gerardo,Montaño,41783937,3,1970-11-26
263,Abril,Candelaria,47030573,8,1985-02-09
264,Bianca,Reyna,32853859,5,1991-09-30
265,Amador,Salgado,58765341,15,1986-10-09
266,Blanca,Covarrubias,48346918,6,1982-10-19
267,Micaela,Pulido,35261872,14,1964-10-15
268,Mateo,Batista,33237358,1,2001-03-18
269,Tomás,Robles,49812723,11,1965-03-16
270,Patricio,Alcala,35654480,9,2004-01-30
271,Lilia,Casas,46297824,14,1999-01-23
272,Guadalupe,Ordóñez,49541741,2,1983-03-08
273,Victoria,Dávila,41882477,15,1996-10-13
274,Aurora,Acuña,46734650,15,2001-04-06
275,Estela,Carreón,34413297,14,1984-04-22
276,Frida,Barrientos,40474706,8,2002-04-27
277,Yuridia,Gamboa,37519537,3,1979-07-20
278,Rolando,Ordóñez,48990872,9,2001-03-10
279,Camila,Barraza,56384491,7,1999-05-28
280,Flavio,Escobar,54987851,11,2004-07-22
281,Jaqueline,Cortez,43416386,14,1969-03-07
282,Arturo,Marrero,32781318,12,1997-09-12
283,Luis Miguel,Raya,32796995,8,2003-02-13
284,Leonor,Monroy,46614032,11,1966-10-29
285,Alonso,Carrera,35206560,3,1991-01-29
286,Mauricio,Mateo,48166318,5,1970-04-22
287,Blanca,Delgadillo,50282823,7,1977-05-06
288,Leticia,Saldaña,33179883,13,1971-07-13
289,Josefina,Madrigal,33042095,8,2002-10-16
290,Dolores,Vergara,59589915,8,1968-12-23
291,Sandra,Arellano,31823880,6,1983-06-30
292,José Carlos,Pedroza,56394870,15,1978-10-14
293,Judith,Garica,50084931,2,1988-10-26
294,Mario,Benavides,59250620,10,2004-09-11
295,Antonia,Guerra,59882017,14,1978-02-11
296,Verónica,Cotto,32126383,10,1974-10-15
297,Rosa,Vanegas,41337395,12,2000-03-10
298,Cristian,Mayorga,40749927,5,2002-03-23
299,Humberto,Meraz,42303368,5,2004-02-09
300,Sara,de la Fuente,56827514,9,1973-06-22
301,Jaqueline,Nájera,32275826,14,1986-11-22
302,Paulina,Armas,52986883,8,2002-11-04
303,Julio,Balderas,42876588,7,1978-05-18
304,Reynaldo,Sauceda,49756721,10,1965-10-13
305,Cristina,Tórrez,51193813,13,1979-04-11
306,Isabela,Pizarro,55675563,5,2003-03-23
307,Norma,Hinojosa,32763196,10,2002-02-02
308,Óliver,Olivo,58162233,1,1977-06-02
309,Silvia,Puente,32580604,2,1969-05-11
310,Gabriela,Vergara,46473461,5,1993-10-19
311,Verónica,Quezada,58693879,9,1985-01-05
312,Raúl,Enríquez,58246981,11,1991-12-17
313,Alonso,Cadena,32131452,8,2002-06-17
314,Delia,Valladares,30516962,4,1967-03-02
315,Amador,Véliz,37647713,1,1976-11-30
316,Berta,Castañeda,49311373,9,1964-12-18
317,Evelio,Jaramillo,52578266,6,1999-02-21
318,Felix,Mejía,44278940,11,1966-01-24
319,Serafín,Baeza,54136239,13,2004-03-04
320,Estefanía,Alemán,58120733,2,2000-10-22
321,Felix,Armenta,47525339,13,1997-12-30
322,Asunción,Oquendo,56388773,8,2005-08-08
323,Pablo,Maestas,47875174,12,1996-10-23
324,Yeni,Vera,39179568,15,1974-03-13
325,Dalia,Mojica,31092243,3,1986-07-22
326,Olivia,Leal,35385153,2,2000-03-21
327,Ariadna,Romero,37572807,5,1991-12-02
328,Berta,Mascareñas,42958268,11,2005-05-09
329,Víctor,Badillo,42782490,10,1995-03-24
330,Conchita,Gálvez,37323163,5,1991-11-22
331,Rodolfo,Uribe,49004818,1,2002-02-26
332,Citlali,Castro,40567544,8,1984-08-21
333,Lilia,Murillo,40144345,15,1987-07-21
334,Eugenio,Madrid,54914120,5,1973-06-13
335,Mauro,Orta,35555963,3,1973-01-23
336,Amador,Canales,34949741,3,1973-06-16
337,Amalia,León,55786874,11,1996-10-20
338,Jos,Rosario,44698163,1,1973-12-16
339,Abel,Bernal,59405847,10,1969-01-18
340,Jerónimo,Carmona,46610422,3,1975-12-01
341,Uriel,Melgar,44061015,11,1988-09-01
342,Violeta,Coronado,40668906,11,1974-10-25
343,Guillermina,Villagómez,38057317,5,1979-01-26
344,Ignacio,Covarrubias,42409349,9,1990-04-08
345,Víctor,Toledo,55810869,13,1996-09-10
346,Sergio,Alva,41710733,4,1966-04-05
347,Federico,Olvera,56596273,3,2001-01-03
348,Rufino,Tijerina,58129521,12,1976-10-27
349,Mario,Loya,58717015,9,1973-04-17
350,Tania,Domínguez,31744555,9,1987-10-20
351,Aurora,Serrano,37390922,2,1981-11-01
352,Blanca,Echeverría,42410847,15,1973-10-31
353,Luis Manuel,Villareal,55795546,8,1984-05-30
354,Susana,Olvera,51262941,1,1983-11-12
355,Eduardo,Tejeda,48050588,5,1967-11-23
356,Marco Antonio,Ocasio,51856345,6,1985-03-07
357,Eugenio,Cepeda,54120781,10,1986-06-29
358,Luis Manuel,Ferrer,37925617,11,1966-12-12
359,Ariadna,Laboy,47532054,5,1997-08-31
360,Raquel,Orellana,49583362,6,1967-11-26
361,Socorro,Rentería,54118038,5,1978-07-07
362,Eric,Carbajal,44985553,7,1984-10-05
363,Sara,Esquibel,38935587,11,2006-10-01
364,Liliana,Palacios,39216069,9,1979-07-06
365,Bernardo,Saavedra,30181900,3,1998-10-31
366,Javier,Castañeda,37704632,11,2004-06-18
367,Helena,Vargas,53912396,5,2000-11-26
368,Miriam,Bravo,47844217,6,1988-02-19
369,Daniel,Almanza,44385681,2,2004-09-03
370,Sessa,Vera,35629380,3,1975-03-02
371,Arcelia,Ballesteros,39046949,13,1985-05-22
372,Barbara,Zedillo,54613711,6,1993-09-18
373,Débora,Jaimes,36728354,14,1986-06-26
374,José Manuél,Trujillo,36236073,5,2003-05-23
375,Luis Manuel,Zamudio,32811557,12,1973-04-08
376,Clemente,Olivárez,48403935,3,1964-08-15
377,Leonor,Mesa,46572733,2,1972-09-28
378,Federico,Chacón,48638804,7,2002-02-16
379,Gabriel,Cazares,33008320,3,2001-03-19
380,Miriam,Porras,52974882,14,1969-11-13
381,Ruby,Solorzano,54841855,13,1997-08-17
382,Silvia,Cintrón,30962354,14,1987-03-20
383,René,Valdivia,46899247,4,1971-01-31
384,Marisol,Rascón,33260472,3,1986-04-30
385,Verónica,Moreno,44111065,9,1973-03-26
386,Mariana,Benavídez,38543902,8,1972-09-19
387,Isaac,Quiroz,56164796,10,1985-06-18
388,Modesto,Coronado,42818776,8,1997-07-31
389,Asunción,Zelaya,42873030,11,1964-10-04
390,Patricia,Barrera,50531715,4,1970-08-14
391,María Eugenia,Carrillo,54930888,13,1997-04-05
392,Rubén,Madrid,39245376,7,1993-06-24
393,Victoria,Villarreal,43440647,6,1976-07-25
394,Ivonne,Yáñez,39910605,5,2002-12-01
395,Alvaro,Carreón,44720825,15,1993-11-26
396,Guillermina,Gallegos,58133836,9,1995-01-24
397,Leticia,Carrera,52226144,2,1971-01-15
398,Tomás,Jasso,57434492,11,1995-08-14
399,Cynthia,Prado,31966874,11,1999-08-31
400,Norma,Sauceda,53329442,12,1969-03-09
401,Rosalia,Flórez,52211171,7,1975-05-06
402,Judith,Sánchez,42030221,6,2007-07-20
403,Conchita,Loya,34184378,13,1982-11-01
404,Diana,Rolón,59467625,14,2005-07-04
405,Amador,Matías,46880105,9,1980-04-05
406,Linda,Velasco,41890987,12,1971-04-06
407,Juan Carlos,de la Crúz,54305391,15,1986-02-13
408,Mariana,Miramontes,37449375,15,2003-03-22
409,Carolina,Reséndez,31476671,6,1970-11-20
410,Ramiro,Galarza,37136776,8,1984-01-07
411,Abigail,Guerrero,51641131,14,1992-11-29
412,Antonia,Berríos,34473866,5,1990-02-03
413,Horacio,Esquivel,30711215,13,1968-10-09
414,Sofía,Limón,46795304,4,1965-07-19
415,Rodrigo,Peres,53629036,4,1977-07-09
416,Germán,Ortiz,46381599,13,1988-09-22
417,Ilse,Monroy,45893093,7,1975-04-16
418,Eduardo,Carreón,39164437,3,1980-06-09
419,Dolores,García,55121126,13,1987-02-07
420,Úrsula,Preciado,54772329,6,2006-08-07
421,Virginia,Rodríquez,35158881,13,1982-07-25
422,Amanda,Cedillo,58000203,9,1964-10-27
423,Mayte,Ávalos,45918394,15,1997-03-03
424,Conchita,Cabrera,38314308,15,2005-12-18
425,Elvira,Mascareñas,38081215,1,1993-07-26
426,Elvia,Balderas,40867164,8,2000-05-14
427,José Manuél,Bueno,41516208,4,1966-02-03
428,Isaac,Noriega,55998097,13,1976-08-05
429,Margarita,Angulo,53090831,10,1996-05-28
430,Celia,Gallardo,58811462,11,1982-09-11
431,Micaela,Sauceda,37242279,3,1988-10-20
432,Alfredo,Lebrón,38221802,7,1985-10-03
433,Reina,Ruiz,43614036,10,1993-02-27
434,Santiago,Arredondo,33908257,15,2000-02-02
435,Alta  Gracia,Mesa,37120709,13,1998-07-12
436,Conchita,Salcido,56665640,1,1979-11-16
437,Humberto,Marín,38459526,12,1965-08-16
438,Gonzalo,Saiz,56442301,6,2002-05-27
439,Mario,de la Rosa,43233324,8,1978-09-06
440,Espartaco,Tello,58144015,15,2005-06-07
441,Georgina,Olivas,33245579,12,1992-12-04
442,Carlos,Serna,58125186,8,1990-11-13
443,Reynaldo,Navarro,48016693,15,1991-01-02
444,Sessa,Laureano,51975805,5,1973-09-11
445,Sofía,Díaz,45184789,9,1974-01-08
446,Alfredo,Muro,51184234,8,1972-04-04
447,Elias,Mateo,45477794,11,1992-08-27
448,Gustavo,Marroquín,30575438,8,1990-05-19
449,Elena,Aguayo,30778214,8,2001-12-03
450,Alma,Sisneros,31568278,8,1988-08-20
451,Elsa,Mares,40220352,2,1998-04-21
452,Iván,Terrazas,52952646,1,1997-03-15
453,Aurelio,Villarreal,41854863,9,1993-04-20
454,Araceli,Tamayo,30859561,8,1993-07-13
455,Susana,Hurtado,35754332,5,1968-12-18
456,Eloisa,Guerra,55094781,7,1987-11-25
457,Lilia,Velásquez,45303535,5,1995-03-10
458,Eloisa,Acosta,43016225,11,2001-03-30
459,Vanesa,Castellanos,38453401,15,2005-03-21
460,María Eugenia,Rojas,55411613,9,1988-07-02
461,Estela,Chacón,33348283,2,2005-07-24
462,Amalia,Escobar,31031688,12,1975-11-08
463,Omar,Leiva,35434248,4,1985-03-15
464,Isabel,Salcedo,32160558,14,1995-02-06
465,Ana María,Gallegos,58876621,10,1990-01-16
466,Miguel Ángel,Ozuna,38416571,7,1965-10-31
467,Eloy,Garrido,35520183,13,2003-11-05
468,Marco Antonio,Meza,45252377,7,1998-06-27
469,Arcelia,Huerta,40308204,11,1984-10-17
470,Homero,Castro,49041555,12,1969-07-05
471,Aldonza,Sepúlveda,40932194,10,1999-10-20
472,Asunción,Rodríguez,35871369,4,1982-01-14
473,Gregorio,Briseño,59548111,13,1997-11-30
474,Federico,Cintrón,42571768,13,1999-06-15
475,Miguel,Mejía,59443553,13,1995-12-06
476,Claudia,Estrada,41829448,11,1977-08-22
477,Julio César,Puga,54733701,3,1998-07-01
478,Fabiola,Mondragón,47103571,14,2001-03-22
479,Patricia,Villalpando,59836559,7,1971-06-27
480,Sandra,Almonte,36467409,12,1987-06-23
481,Blanca,Velázquez,30748430,11,2000-08-04
482,Zoé,Vallejo,33211183,7,1994-01-02
483,Gloria,Hernádez,38871336,2,1999-01-10
484,Dulce,Quezada,33875249,10,1992-10-24
485,Pablo,Godínez,40823065,3,1990-02-02
486,Paola,Montemayor,36614718,13,2001-10-03
487,Serafín,Rosas,50057676,3,2002-10-06
488,Amelia,Arenas,40688076,3,1973-05-11
489,Cornelio,Contreras,51038416,5,1982-07-20
490,Carmen,Otero,34711089,1,1979-06-27
491,Eva,Navarro,31499456,4,1987-06-22
492,Rafaél,Almaraz,41481939,4,1987-11-20
493,Carla,Gaona,35023294,13,1973-07-03
494,Mercedes,Lira,59470984,15,2006-02-01
495,Irma,Ferrer,37820912,2,1966-06-04
496,Fernando,Samaniego,55503082,2,1965-10-03
497,Manuel,Rivas,32924906,14,2002-04-14
498,Sofía,Piña,49510427,12,1980-05-15
499,Catalina,Ponce,37991131,12,1990-10-23
500,Yeni,Villaseñor,52840425,13,1966-04-15
